Page,NGC,Type,1951.0+2304,Mag.,Size,Coord.,Description
,205,G,And,8,17.4,0040.4+4141,M110
,404,G,And,10.7,2.1x2.0,0109.4+3543,el circular beautiful brt nucleu
,752,OC,And,5.7,50,0157.8+3741,70 stars large scattered outward
,891,G,And,11.5,11.8X1.1,0222.6+4221,sp extremely elongated edge-on
4,7662,PN,And,9,32x23,2325.9+4233,blue-green oval bright dense
,7686,OC,And,5.6,7.4,2330.2+4908,35 stars loose poor 1 red/orange
,6755,OC,Aql,9,10,1907.8+0414,35 stars large loose fairly rich
,6756,OC,Aql,10.7,3,1908.7+0441,very difficult like a globular
,6781,PN,Aql,11,106,1918.4+0633,circular nebulous no color
,7009,PN,Aqr,8.4,44x2,2104.2-1122,Saturn Nebula
,7606,G,Aqr,10.8,4.4x1.5,2319.1-0829,sp elongated elusive large
,7723,G,Aqr,11.1,2.2x1.6,2338.9-1258,Bsp faint small elusive
,7727,G,Aqr,10.7,2.7,2339.9-1218,sp elusive slightly elongated
,772,G,Ari,10.9,5x3,0159.3+1901,sp elongated elusive
5,1664,OC,Aur,7.5,15,0451.1+4342,25 stars faint rich elongated
,1857,OC,Aur,8.5,9,0520.2+3921,30 stars no shape poor loose
4,1907,OC,Aur,9.9,5,0528.0+3519,tight some nebulosity richish
6,1931,DN,Aur,9.5,3x3,0531.4+3415,starlike with nebulosity around
6,2126,OC,Aur,10,6.5,0603.0+4954,28 stars faint poor blue white
,2281,OC,Aur,6.9,17,0649.3+4104,30 stars bright lg easy
,5248,G,Boo,11.3,6.1x4.4,1337.5+0853,sp lg oval brt nucleus av
,5466,GC,Boo,8.5,5,1405.5+2832,large diffuse faint oval elusive
,5557,G,Boo,11.6,.9x.8,1418.4+3630,el small brt nucleus nebulosity
,5676,G,Boo,11.2,3x1,1432.8+4928,sp very faint large oval
,5689,G,Boo,11.4,2x.5,1435.5+4845,sp faint slight elongated elus
,1501,PN,Cam,13.3,,0407.0+6055,round distict blue-green
,1502,OC,Cam,5.3,7,0407.7+6220,15 stars compact cross-bow doubl
,1961,G,Cam,11.7,3.7x1.6,0542.1+6923,sp faint elus fuzzy sl elongated
,2403,G,Cam,8.9,16.8x10,0736.9+6536,sp lg sl elon face on faint star
,2655,G,Cam,10.7,5x3.4,0855.6+7813,sp faint face-on low surf brt
4,129,OC,Cas,6.5,21,0029.9+6014,50 stars bright rich 6 mag star
4,136,OC,Cas,11.3,1,0031.5+6132,10 stars rich resolvable elongat
,185,G,Cas,9.2,11.5,0039.0+4820,el circular real challenge
,225,OC,Cas,12,7.5,0043.4+6147,21 stars large rich
,278,G,Cas,10.9,1.3x1.3,0052.1+4733,el round bright nucleus
,381,OC,Cas,9.2,6,0108.3+6135,24 stars yellow + red-orangestar
,436,OC,Cas,8.8,4,0115.6+5849,25 stars loose poor large brt
,457,OC,Cas,6.4,10,0119.1+5820,50 stars brt rich scattered bug?
,559,OC,Cas,9.5,4,0129.5+6318,60 righ bright loosely scattered
,637,OC,Cas,8.2,3,0142.9+6400,20 stars compact chain of stars
,654,OC,Cas,6.5,5,0144.1+6153,50 stars loose poor a brt star
,659,OC,Cas,7.9,5,0144.2+6042,20 stars loose poor near 663
,663,OC,Cas,7.1,16,0146.0+6115,80 stars rich resolvable nebulou
,1027,OC,Cas,7.5,7,0242.7+6133,large loose near 7 mag star
,7789,OC,Cas,6.7,16,2357.0+5644,large rich circular sl. nebulous
,7790,OC,Cas,8.5,17,2358.4+6113,25 stars scattered cir nebulous
,40,PN,Cep,10.2,0.6,0013.0+7232,easy round bright greenish
,6939,OC,Cep,10,5,2031.4+6038,very rich small appears nebulous
,6946,G,Cep,10.5,9x7.5,2034.8+6009,sp oval large faint wispy disk
,7142,OC,Cep,9.3,11,2145.9+6548,35 stars rectangular
,7160,OC,Cep,6.6,7,2153.7+6236,25 bright scattered rich resolv.
,7380,OC,Cep,7.2,10,2247.0+5806,50 stars loose poor
,7510,OC,Cep,7.9,2,2311.5+6034,20 stars loose poor arrowhead
,157,G,Cet,10.4,2.8x2.1,0034.8-0824,sp oval 2 stars in it brt nucl.
,246,PN,Cet,8.5,3.8,0047.0-1153,large oval difficult 2 fieldstar
,247,G,Cet,8.9,20,0047.1-2046,sp elusive elongated
,584,G,Cet,10.8,3.8,0131.3-0652,el small dim round fair nucleus
,596,G,Cet,10.9,3.5,0132.9-0702,el very small circular
,615,G,Cet,11.6,4,0135.1-0720,sp small elusive
,720,G,Cet,10.5,4.4,0153.0-1344,el small round  brt nucleus
,779,G,Cet,11.3,3.7x.9,0159.7-0558,Bsp edge on extremely elongated
,908,G,Cet,11,5X2.3,0223.1-2114,sp elongated evenly brt large
,936,G,Cet,10.7,3.3X2.5,0227.6-0109,sp round starlike nucleus
,1022,G,Cet,11.2,1.8x1.4,0238.5-0640,Bsp small almost stellar faint
,1052,G,Cet,11.2,1.3x1,0241.1-0815,el stellar small hint nebulosity
,1055,G,Cet,11.5,6.7x1.5,0241.8+0026,sp edge on elus same field M77
,2204,OC,CMa,9.1,13,0615.7-1839,scattered a yellow-orange star
,2354,OC,CMa,9,25,0714.3-2544,lg dim scattered round
,2360,OC,CMa,9.4,12,0717.8-1537,pretty brt no shape near mag 6
,2362,OC,CMa,10.5,6,0718.8-2457,40 stars lg brt in center temple
,2775,G,Cnc,10.7,2.3x1.9,0910.3+0702,sp circular brt nucleus
,4147,GC,Com,9.4,1.7,1210.1+1833,small starlike outer nebulosity
,4150,G,Com,11.6,1.2x.9,1210.6+3024,el round starlike nucl a brt sta
,4203,G,Com,11,1.8x1.5,1215.1+3312,el sl oval faint brt nucleus av
,4245,G,Com,11.1,1.5x1,1217.6+2936,sp elus starlike hint elong av
,4251,G,Com,10.2,2.3x.5,1218.1+2810,sp round starlike nebulosity
,4274,G,Com,10.8,6.7x1.3,1219.8+2937,sp lg fuzzy brt nucl elongated
,4278,G,Com,10.3,1.4x1.3,1220.1+2917,el starlike brt nucl defined
,4293,G,Com,11.5,4.6x1.6,1221.2+1823,pec edge-on granulated elus elon
,4314,G,Com,10.8,3.1x2.9,1222.6+2953,Bsp oval diffuse brter nucl
,4350,G,Com,11,1.8x.5,1224.0+1642,el round starlike nebulosity
,4394,G,Com,11.2,2.3x2.3,1225.9+1813,Bsp round brt nuc av near M85
,4414,G,Com,9.7,3.2x1.5,1226.4+3113,sp starlike nuc extended arms
,4419,G,Com,11.4,2.2x.6,1226.9+1503,el elong brt nucl fainter arm av
,4448,G,Com,11.4,2.8x1,1228.2+2837,sp sl elong uniform av elus
,4450,G,Com,10,3x2.5,1228.5+1705,sp round brt distinct nucleus
,4459,G,Com,10.9,1.2x1,1229.0+1359,el brt sl elong
,4473,G,Com,10.1,1.6x.9,1229.8+1326,el round starlike nucl brt
,4477,G,Com,10.7,2.4x2.2,1230.0+1338,sp round starlike nucl fair brt
,4494,G,Com,9.6,1.3x1.4,1231.4+2547,el brt starlike neb round small
,4548,G,Com,10.8,3.7x3.2,1235.4+1430,Bsp M91
,4559,G,Com,10.6,11x4.5,1236.0+2758,sp elong uniform fairly brt
,4565,G,Com,10.2,14.4x1.2,1236.3+2559,sp uniform needle beautiful
,4689,G,Com,11.5,,1247.8+1346,sp round uniform av
,4725,G,Com,8.9,10x5.5,1250.4+2530,sp oval starlike nucl easy
,3962,G,Crt,11.3,1.1x.9,1154.7-1358,el round very faint brt nucleus
,4027,G,Crv,11.5,2.4x2,1159.5-1916,sp faint elus hint elong av
,4038,G,Crv,11.5,2.5x2.5,1201.9-1852,sp round brt nucleus
8,4361,PN,Crv,10.8,81,1224.5-1848,lg round fuzzy no color noted
,4111,G,CVn,9.7,3.3x.6,1207.1+4304,el elong starlike outer arms av
,4143,G,CVn,11,1.4x.9,1209.6+4232,el round starlike nucleus small
,4151,G,CVn,11.6,2.5x1.6,1210.5+3924,pec uniform round ovalish elus
,4214,G,CVn,10.3,6.6x5.8,1215.6+3620,irr very brt large diffuse oval
,4258,G,CVn,8.6,19.5x7,1219.0+4718,sp M106
,4346,G,CVn,11.6,1.9x.7,1223.5+4700,el round almost starlike neb
,4449,G,CVn,9.2,4.1x3.4,1228.2+4406,irr sl elong uniform pretty
,4485,G,CVn,11.6,1.5x.8,1230.5+4142,irr uniform brt elusive small
,4490,G,CVn,9.7,5.6x2.1,1230.6+4138,sp lg elong uniform brt  easy
,4618,G,CVn,11.7,.5x3,1241.5+4109,sp lg sl elong uniform brt
,4631,G,CVn,9.3,12.6x1.4,1242.1+3232,sp elong uniform brt easy
,4656,G,CVn,11.2,18x2,1244.0+3210,pec lg elus needle av
,4800,G,CVn,11.1,1.2x1,1254.6+4632,sp round brt stands out well
,5005,G,CVn,9.8,4.4x1.7,1310.9+3703,sp elong lg brt nucleus
,5033,G,CVn,10.3,9.9x4.8,1313.4+3636,sp elong brt needle lg
,5195,G,CVn,8.4,2x1.5,1330.0+4716,pec companion to M51 round
,5273,G,CVn,11.5,.9x.8,1342.1+3539,el brt nucleus av stands out wel
8,6826,PN,Cyg,8.8,22x24,1944.8+5031,small fuzzy round some blue
9,6834,OC,Cyg,10.3,4,1952.2+2925,15 stars a string scattered star
8,6866,OC,Cyg,9,6,2003.8+4409,36 stars rich brt stars large
9,6910,OC,Cyg,7.5,8,2023.1+4047,40 stars rich fairly brt large
9,7000,DN,Cyg,0,120x100,2058.8+4420,North American Nebula
9,7008,PN,Cyg,13.5,86x96,2100.6+5433,seems brighter than 13.5
,7044,OC,Cyg,11.3,3.5,2112.9+4229,40 scattered stars
,7062,OC,Cyg,8.3,5,2123.2+4623,30 stars inter. rich
,7086,OC,Cyg,8.4,8,2130.5+5135,50 stars large scattered
,7128,OC,Cyg,9.7,2,2144.0+5343,20 stars loose poor
5,6905,PN,Del,12,44x37,2022.4+2005,easy oval silver disk
5,6934,GC,Del,10,1.5,2034.2+0724,circular fairly brt nucleus
5,7006,GC,Del,10.3,1.1,2101.5+1611,faint
,3147,G,Dra,10.9,3x2.3,1016.9+7324,sp lg circular near 6 mag star
1,5866,G,Dra,10.8,2.8x1,1506.5+5546,el M102
1,5907,G,Dra,11.3,11.1x.7,1515.9+5619,sp needle very long central bulge
1,5982,G,Dra,10.9,1.2x.8,1538.7+5921,el round fuzzy very small
2,6543,PN,Dra,8.8,22,1758.6+6638,oval brt opaque blue-green
,1084,G,Eri,11,2.1x1.1,0246.0-0735,easy round brt nucleus
,1407,G,Eri,10.6,1.1x1.1,0340.2-1835,el round starlike brt nucleus
,1535,PN,Eri,9.3,20x17,0414.2-1244,small round starlike blue tint
,2129,OC,Gem,7.2,5,0601.0+2318,13 stars broken chainlike
,2158,OC,Gem,11,4,0607.5+2406,brt lg same field as M35
,2266,OC,Gem,9.8,5,0643.2+2658,30 stars 1 8mag triangular shape
,2304,OC,Gem,10.1,5.5,0655.0+1801,small loose irregular
,2355,OC,Gem,9.5,9,0716.9+1347,70 stars tight faint near mag 6
,2371,PN,Gem,11,54x35,0725.6+2929,elongated off-white part of 2372
,2372,PN,Gem,9.5,47x43,0725.6+2930,elongated off-white part ot 2371
,2392,PN,Gem,9.3,47x43,0729.2+2055,small round bluish opaque
,2395,OC,Gem,9.4,12,0727.1+1335,faint elus rich scattered
,2420,OC,Gem,10.2,7,0738.5+2134,20 stars some nebulosity
3,6207,G,Her,11.3,2x1.1,1643.1+3650,sp oval elusive near M13 difficult
2,6229,GC,Her,8.7,1.2,1647.0+4732,faint oval brt central area
,2548,OC,Hya,5.3,30,0813.8-0548,M48
,2811,G,Hya,11.7,1.6x.5,0916.2-1619,sp uniform brightness
,3242,PN,Hya,9,40x34,1024.8-1838,nice disk blue-green fairlylarge
,3621,G,Hya,10.5,5x2,1118.3-3249,sp lg round near some field star
,5694,GC,Hya,11,2.2,1439.6-2632,small fuzzy smudge  brt nucleus
,7209,OC,Lac,6.7,20,2205.2+4630,50 stars bright rich resolvable
,7243,OC,Lac,6.4,20,2215.3+4953,50 stars loose scattered
,7296,OC,Lac,9.4,4,2228.2+5217,15 stars compact elusive
,2903,G,Leo,9.1,11x4.6,0932.2+2130,sp lg elong needle easy
,2964,G,Leo,11,2.2x1.1,0942.9+3151,sp round brt nucleus faint rim
,3190,G,Leo,11.3,3x1,1018.1+2150,sp fuzzy round same field 3193
,3193,G,Leo,11.5,.9x.0,1018.4+2154,el fuzzy roundish uniform c 3190
,3226,G,Leo,11.5,1x.8,1023.4+1954,el round nebulous uniform
,3227,G,Leo,11.4,3x1.2,1023.5+1952,sp round nebulous near NGC 3226
,3377,G,Leo,10.5,1.9x1,1047.7+1359,el small brt nucleus
,3379,G,Leo,9.5,2.2x2,1047.8+1235,el M105
,3384,G,Leo,10.2,4.4x1.4,1048.3+1238,el round brt nucleus >NGC 3379
,3412,G,Leo,10.4,2.4x1.1,1050.9+1325,el circular very difficult
,3489,G,Leo,11.5,2x.9,1100.3+1354,el round impressive brt nucleus
,3521,G,Leo,10.5,7x4,1105.8+0002,sp elongated very impressive
,3593,G,Leo,11.3,2.5x.9,1114.6+1249,sp round faint inconspicious
,3607,G,Leo,9.6,1.7x1.5,1116.9+1803,el like a hairy star round brt
,3608,G,Leo,11.1,1.4x1,1117.0+1809,el round small same field 3607
,3626,G,Leo,10.5,1.6x1.1,1120.1+1821,sp starlike brt nucleus v small
,3628,G,Leo,10.9,12x1.5,1120.3+1336,sp edge-on large beautiful
,3640,G,Leo,10.7,1.1x1,1121.1+0314,el round small faint near a star
,3655,G,Leo,11.3,1.2x.9,1122.9+1635,sp small fuzzy round faint
,3686,G,Leo,11.4,2.4x1.8,1127.7+1713,sp strlike brt nucleus nebulosit
,3810,G,Leo,10.8,3.6x2.5,1141.0+1128,sp sl lg brt nucleus
,3900,G,Leo,11.5,1.7x.8,1149.2+2701,sp starlike sl neb near 3912
,3912,G,Leo,11.5,.9x.5,1150.1+2629,sp small round uniform near 3900
,1964,G,Lep,11.6,5.4x1.1,0533.4-2157,sp sl elongation nucleus visible
,5897,GC,Lib,11,7.3,1517.4-2101,oval partly resolved elusive
,2859,G,LMi,10.7,4.4x3.5,0924.3+3431,Bsp brt nucleus fainter arm
,3245,G,LMi,11.2,1.8x.9,1027.3+2830,el round fuzzy uniform
,3277,G,LMi,12,1.1x.9,1032.9+2831,sp round brt nucleus
,3294,G,LMi,11.4,2.6x1.2,1036.3+3720,sp very difficult uniform brt
,3344,G,LMi,11,7.6x6.2,1043.5+2455,sp round faint near mag 9 star
,3395,G,LMi,12,1.5x.9,1049.8+3259,sp elus sl elong faint nucleus
,3414,G,LMi,11,1.4x1,1051.3+2719,Bsp starlike fuzzy nebulosity
,3432,G,LMi,11.4,5.8x.8,1052.5+3637,sp elongated uniform brt 2 stars
,3486,G,LMi,11,6.8x4.5,1100.4+2858,sp round faint fuzzy uniform
,3504,G,LMi,10.9,2.2x2.2,1103.2+2758,sp round very impressive
,2419,GC,Lyn,11.5,1.7,0738.1+3853,small dim stands out well
,2683,G,Lyn,9.6,8x13,0852.7+3325,sp edge-on pretty needle
,2782,G,Lyn,11.7,1.8x1.6,0914.1+4007,sp starlike some nebulosity
,2185,DN,Mon,11,2x2,0611.1-0613,brt fuzzy with NGC 2183 + 2184
,2215,OC,Mon,8.6,8,0621.0-0717,10 stars round faint a brt star
,2232,OC,Mon,4,20,0626.6-0445,naked eye brt stars one blue-white
,2244,OC,Mon,6.2,24,0632.4+0452,16 stars within Rosette Nebula
,2251,OC,Mon,8.5,10,0634.7+0822,30 stars lg flat in appearance
,2264,OC,Mon,4.7,30,0641.1+0953,20 stars loose poor DN nebulosit
,2286,OC,Mon,8,15,0647.6-0310,50 stars loose scattered
,2301,OC,Mon,5.8,15,0651.8+0028,40 stars large pretty easy
,2311,OC,Mon,9.6,7,0657.8-0435,25 stars brt rich easy resolvabl
,2324,OC,Mon,8.8,9,0704.2+0103,30 stars 5 stars = a  Y loose
,2335,OC,Mon,9.1,12,0706.6-1005,35 stars triangular tight group
,2343,OC,Mon,8,7,0708.3-1039,15 stars brt rich tight cute
,2353,OC,Mon,5.3,20,0714.6-1018,25 stars loose 1 bl/wh  easy
,2506,OC,Mon,8.5,10,0800.2-1047,50 stars rich nebulousity easy
,6171,GC,Oph,9.2,2.2,1632.5-1303,M107
,6235,GC,Oph,10.4,1.9,1653.4-2211,faint no distinct nucleus diff.
,6284,GC,Oph,10.5,1.5,1704.5-2446,easy round fairly bright small
,6287,GC,Oph,9.9,1.7,1705.2-2242,circular brt nucleus no resolve
,6293,GC,Oph,9.5,1.9,1710.2-2635,easy circular small brt nucleus
,6304,GC,Oph,9.8,1.6,1714.5-2928,circular brt nucleus no resolve
,6316,GC,Oph,10,1.1,1716.6-2808,oval small bright
,6342,GC,Oph,10,0.5,1721.2-1935,small faint central area brt
,6355,GC,Oph,10.5,1,1724.0-2621,circular elus extremely faint
,6356,GC,Oph,9.5,1.7,1723.6-1749,fairly large brt nucleus no reso
,6369,PN,Oph,9.9,28,1729.3-2346,round blue-green Pipe Nebula
,6401,GC,Oph,11,1,1738.6-2355,brt circular no resolution
,6426,GC,Oph,11.5,1.3,1744.9+0300,faint elus resembles a nebula
,6517,GC,Oph,10.5,0.4,1801.8-0858,faint elus brt central area
,6633,OC,Oph,5.5,20,1827.7+0634,44 stars rich resolv. a red star
,1788,DN,Ori,11,8x5,0506.9-0321,round non uniform near 8 magstar
,1980,OC,Ori,0,14x14,0535.4-0554,surround iota Orionis nebulosity
,1999,DN,Ori,10,16x12,0536.5-0642,brt nucleus hazy lg difficult
,2022,PN,Ori,11.5,28x27,0542.1+0905,fuzzy oval small slight blue-gr
,2024,DN,Ori,10.7,30x30,0541.9-0151,irregular patchy brt very large
,2169,OC,Ori,6.4,5,0608.4+1357,15 stars brt tightly grouped
,2186,OC,Ori,9.5,5,0612.2+0527,30 stars loose poor some brt
,2194,OC,Ori,9.2,8,0613.8+1248,rich slightly circular resolve
2,7217,G,Peg,10.2,2.6x2.3,2207.9+3122,sp round
1,7331,G,Peg,9.7,10x2,2237.1+3425,sp faint edge on
,7448,G,Peg,11.2,2x1,2300.1+1559,sp elongated averted vision
2,7479,G,Peg,11.6,3.4x2.6,2304.9+1219,Bsp slightly elongated elusive
3,651,PN,Per,11,157x87,0142.3+5134,M76
3,869,OC,Per,4.4,36,0219.0+5709,Double Cluster  resolvable
3,884,OC,Per,4.7,36,0222.4+5707,Double Cluster  resolvable
6,1023,G,Per,10.5,4x1.2,0240.3+3904,el elonated brt starlike nucl
6,1245,OC,Per,6.9,10,0314.7+4715,40 stars large 5 brt stars elus
7,1342,OC,Per,7.1,15,0331.6+3720,25 stars sl elongated poorish
8,1444,OC,Per,6.4,4,0349.4+5240,15 stars string of brt stars
7,1513,OC,Per,8.8,12,0410.0+4931,40 stars loose compact nucleus
7,1528,OC,Per,6.2,25,0415.4+5114,80 stars loosely packed rich
7,1545,OC,Per,8,18,0420.9+5015,25 stars loose 2 brt starswh org
,488,G,Psc,10.3,4.2x3.3,0121.8+0515,sp circular brt nucleus
,524,G,Psc,10.6,3.2,0124.8+0932,el small round  brt nucleus
,2421,OC,Pup,9.4,8,0736.3-2037,50 stars no shape lg fairly rich
,2422,OC,Pup,4.5,25,0736.6-1430,M47
,2423,OC,Pup,6.9,20,0737.1-1352,60 stars lg brt stars easy
,2438,PN,Pup,11.3,68,0741.8-1444,brt obvious circular within M46
,2440,PN,Pup,11.5,54x20,0741.9-1813,greenish round easy to find
,2479,OC,Pup,9.5,8,0755.1-1743,40 stars faint round small easy
,2482,OC,Pup,8.7,18,0754.9-2418,50 stars lg rich no shape
,2489,OC,Pup,9.4,7,0756.2-3004,30 stars circular 2 brt st easy
,2509,OC,Pup,9.3,4,0800.2-1904,40 stars some brt most faint
,2527,OC,Pup,8,22,0805.3-2810,50 stars loose scattered
,2539,OC,Pup,8.2,21,0810.7-1250,a brt center blue one  19 Pup
,2567,OC,Pup,8.3,10,0818.6-3038,50 stars brt + faint ones
,2571,OC,Pup,7.5,8,0818.9-2944,25 stars loose irregular faint
,2613,G,Pyx,11,6.6x1.3,0833.4-2258,sp edge-on elus difficult
,2627,OC,Pyx,8.3,8,0837.3-2957,40 stars small hard distinguih
,253,G,Scl,7.1,25.1,0047.6-2517,sp elongated brt center
,288,GC,Scl,8.1,13.8,0052.8-2635,large  bright nucleus
,613,G,Scl,10.2,4x2,0134.3-2925,Bsp slightly elongated
,6144,GC,Sco,10.5,3.3,1627.3-2602,faint oval fairly large elusive
,6451,OC,Sco,8.5,6,1750.7-3013,tightly grouped large faint in
,6664,OC,Sct,8.9,18,1836.7-0813,25 stars poor loose scattered
,6712,GC,Sct,10,2.1,1853.1-0842,round opaque touches PN IC1298
,6118,G,Ser,11.5,4.3x1.3,1621.8-0217,sp Blinking Galaxy elus near mag 6
,2974,G,Sex,11,1.5x.9,0942.6-0342,sp elong fuzzy low surf brt
,3115,G,Sex,9.3,4x1.2,1005.2-0743,el small circular
,3166,G,Sex,11.4,4.4x1.7,1013.8+0326,sp brt nucleus round field 3169
,3169,G,Sex,11.7,4x1.7,1014.2+0328,sp brt nucleus sl round
,6440,GC,Sgr,10.4,0.7,1748.9-2022,brt nucleus no resolution
,6445,PN,Sgr,11,38x29,1749.2-2001,circular brt blue-green
,6514,OC,Sgr,6.9,29x27,1802.3-2302,M20     Trifid Nebula star cluster
,6520,OC,Sgr,8.1,5,1803.4-2754,25 stars easily resolvable
,6522,GC,Sgr,9.5,0.7,1803.6-3002,faint small some resolution
,6528,GC,Sgr,10.5,0.5,1804.8-3003,near 6522 some resolution
,6540,OC,Sgr,11,0.5,1806.3-2749,20 stars rich small diffuse
,6544,GC,Sgr,10,1,1807.3-2500,brt oval resolution good edges
,6553,GC,Sgr,10,1.7,1809.3-2554,righ tight fuzzy resolution
,6568,OC,Sgr,8.5,,1812.8-2136,33 stars loose poor wide
,6569,GC,Sgr,10.4,1.4,1813.6-3150,easy faint brt central area
,6583,OC,Sgr,11.5,1.5,1815.8-2208,elus faint rich like a globular
,6624,GC,Sgr,9.5,2,1823.7-3022,fairly large brt nucleus
,6629,PN,Sgr,10.6,16x14,1825.7-2312,circular no color brt nucleus
,6638,GC,Sgr,10.2,1.4,1830.9-2530,small faint elusive
,6642,GC,Sgr,10.5,1,1831.9-2329,very faint small elusive
,6645,OC,Sgr,8.5,10,1832.6-1654,50 stars rich compressed brt
,6818,PN,Sgr,10,22x15,1944.0-1409,diffuse fuzzy rount some blue
,1647,OC,Tau,6,,0446.0+1904,30 stars round double stars
,1750,OC,Tau,0,45,0503.9+2339,Part of NGC 1746  3 clusters
,1817,OC,Tau,7.9,15,0512.2+1642,16 stars loose scattered poor
,598,G,Tri,5.7,62,0133.9+3039,M33
,2681,G,UMa,10.4,2.8x2.5,0853.5+5119,sp circular faint fuzzy
,2742,G,UMa,11.2,2.5x1,0907.6+6029,sp elongated elus
,2768,G,UMa,10.5,2x1,0911.6+6002,el sl elong same field NGC 2742
,2787,G,UMa,10.9,2x1.3,0919.3+6912,sp elong near 2 brt stars
,2841,G,UMa,9.3,6.4x2.4,0922.0+5058,sp brt elong easy
,2950,G,UMa,10.9,1.3x.9,0942.6+5851,sp starlike fuzzy nebul on edges
,2976,G,UMa,8.5,10,0947.3+6755,
,2985,G,UMa,10.6,5.5x5,0950.4+7217,sp brt nucleus easy
,3034,G,UMa,8.8,9x4,0955.8+6941,pec M82
,3077,G,UMa,10.9,2.3x1.9,1003.3+6844,el faint low surf brt comp. M81
,3079,G,UMa,11.2,8x1,1002.0+5541,sp edge-on faint difficult
,3184,G,UMa,9.6,5.6x5.6,1018.3+4125,sp low surf brt difficult round
,3198,G,UMa,11,9x3.2,1019.9+4533,sp elong with 3 brt stars
,3310,G,UMa,10.1,4x3,1038.7+5330,irr round brt nucleus
,3556,G,UMa,11,7.7x1.3,1111.5+5540,sp M108   edge-on
,3610,G,UMa,11.2,1.3x1,1118.4+5847,el starlike fuzzy nebulous av
,3613,G,UMa,11.2,1.6x.8,1118.6+5800,el starlike like a hairy star
,3619,G,UMa,11.7,1x1,1119.4+5746,sp starlike  same field as 3613
,3631,G,UMa,11.2,4.3x3.2,1121.0+5310,sp face-on faint uniform fuzzy
,3665,G,UMa,11.4,1.6x1.2,1124.7+3846,el round brt nucleus small
,3675,G,UMa,11.5,4x1.7,1126.1+4335,sp faint fuzzy elongation
,3726,G,UMa,10.8,5.7x3.4,1133.3+4702,sp round uniform largish
,3729,G,UMa,11.7,1.8x1.3,1133.8+5308,pec  starlike nebulosity
,3813,G,UMa,11.7,1.7x.8,1141.3+3633,sp oval well defined 1 side brt
,3877,G,UMa,10.9,4.4x.8,1146.1+4730,sp elongated uniform brightness
,3893,G,UMa,11.3,3.7x1.9,1148.6+4843,sp sl elong brt nucleus av
,3898,G,UMa,11.5,2.6x1,1149.2+5605,sp round brt nucleus
,3938,G,UMa,11.5,4.5x3.8,1152.8+4407,sp lg elong uniform
,3941,G,UMa,9.8,1.8x1.2,1152.9+3659,sp round nucleus nebulosity
,3945,G,UMa,10.8,5.2x2.2,1153.2+6041,Bsp diffuse strlike lg elong
,3949,G,UMa,11,2.3x1.1,1153.7+4752,sp oval diffuse uniform brtness
,3953,G,UMa,10.7,5.6x2.3,1153.8+5220,sp round brt nucleus av
,3982,G,UMa,11.3,1.7x1.3,1156.5+5508,sp round elus av brt nucleus
,3992,G,UMa,10.8,6.2x3.5,1157.6+5323,sp M109
,3998,G,UMa,11.3,3.7x1.9,1157.9+5527,el brt nucelus elong elus av
,4026,G,UMa,10.7,3.6x.7,1159.4+5058,el round strlike nebulosity
,4036,G,UMa,10.7,2.4x.9,1201.4+6154,el oval brt nucleus small
,4041,G,UMa,11,2.4x1.8,1202.2+6208,sp round brt nucleus av
,4051,G,UMa,11,4.5x3.6,1203.2+4432,sp lg elus nebulosity av
,4085,G,UMa,11.8,2.2x.5,1205.4+5021,sp brt starlike nucleus oval
,4088,G,UMa,10.9,4.5x1.4,1205.6+5033,sp elong brt elusive large
,4102,G,UMa,11.8,2.2x1,1206.4+5243,sp hint of elong starlike brt nu
,5322,G,UMa,10,1x4x1.4,1349.3+6012,el round brt nucleus
,5473,G,UMa,11.4,.9x.7,1404.7+5454,el companion to M101 round  elus.
,5474,G,UMa,11.4,4x2.9,1405.0+5340,sp near M101 dim diffuse elusive
,5631,G,UMa,11.4,.7x.7,1426.6+5635,sp small round  faint difficult
,6217,G,UMi,11.5,1.8x1.2,1632.6+7812,sp faint sl oval elusive  arms
,4030,G,Vir,11,3.1x2.2,1200.4-0106,sp round brt pretty 2 field star
,4179,G,Vir,11.6,2.7x.6,1212.9+0118,el edge-on well distinct arms
,4216,G,Vir,10.4,7.4x.9,1215.9+1309,sp edge-on needle easy brt nucl
,4261,G,Vir,10.3,.9x.7,1219.4+0549,el round uniform fuzzy elus
,4273,G,Vir,11.6,1.5x1,1219.9+0521,sp starlike near group stars
,4281,G,Vir,11.3,1.1x.6,1220.4+0523,el elus starlike hint neb av
,4303,G,Vir,10.1,5.6x5.3,1221.9+0428,sp M61
,4365,G,Vir,11.1,1.3x1,1224.5+0719,el round faint nucleus brter
,4371,G,Vir,11.6,2.2x1.2,1224.9+1142,Bsp brt lg oval opaque brt nucl
,4429,G,Vir,11.2,3.3x1,1227.4+1107,sp oval nucleus dominated
,4435,G,Vir,10.3,1.3x.8,1227.7+1305,el elus uniform near 4438 av
,4438,G,Vir,10.8,8.9x3,1227.8+1301,sp elong uniform lg av
,4442,G,Vir,10.8,1.8x.9,1228.1+0948,el ovalish starlike neb small
,4478,G,Vir,10.9,.8x.7,1230.3+1220,el round starlike elus neb small
,4526,G,Vir,10.9,3.3x1,1234.0+0742,el oval faint neb near 2 7mag st
,4527,G,Vir,11.5,5.3x1,1234.1+0239,sp elong uniform brightness
,4535,G,Vir,11,6x4,1234.3+0812,sp elus elong brt nucleus
,4536,G,Vir,10.9,6.9x2.6,1234.5+0211,sp elong only can see part of it
,4546,G,Vir,10,1.8x.8,1235.5-0348,el round nebulsoity uniform
,4550,G,Vir,11.7,1.4x.4,1235.5+1213,el round brt nucleus elusive
,4570,G,Vir,10.9,2.4x.5,1236.9+0715,el fuzzy round
,4594,G,Vir,8.7,6x2.5,1240.0-1137,sp M104          The Sombrero Hat
,4596,G,Vir,11.4,1.8x2.2,1239.9+1011,Bsp round starlike nucleus
,4636,G,Vir,10.4,1.4x1.3,1242.8+0241,el round brt nucleus
,4643,G,Vir,10.6,1.65x.9,1243.3+0159,Bsp round starlike brt nucleus
,4654,G,Vir,11,4.2x2.2,1244.0+1308,sp lg elong stands out well
,4660,G,Vir,10.9,1.5x.8,1244.5+1111,el round starlike nebulosity
,4665,G,Vir,11.1,3.1x2.1,1245.1+0303,Bsp almost stellar small
,4666,G,Vir,11.4,3.8x.8,1245.1-0028,sp lg brt elong stands out well
,4697,G,Vir,10.5,2.2x1.4,1248.6-0548,el brt nucleus lg uniform
,4698,G,Vir,11.3,3x1.1,1248.4+0829,sp sl elong near 2 field stars
,4699,G,Vir,9.3,3x2,1249.0-0840,sp lg easy brt nucleus
,4753,G,Vir,10.8,3.3x1.1,1252.4-0112,sp brt elong uniform brt
,4754,G,Vir,10.5,1x1.2,1252.3+1119,el round brt nucl neb uniform
,4762,G,Vir,11,3.7x.4,1252.9+1114,sp elong uniform lg 3 field star
,4781,G,Vir,11.2,2.3x1.1,1254.4-1032,sp uniform elong elus
,4845,G,Vir,11.5,4.2x.7,1258.0+0135,sp elong uniform brt easy
,4856,G,Vir,11.5,2x.7,1259.3-1502,eloval brt nucl easy to see
,4866,G,Vir,11.4,6.8x.8,1259.5+1410,sp elong needle impress  easy
,4900,G,Vir,11.3,1.7x1.5,1300.6+0230,sp starlike center oval small
,4958,G,Vir,10.9,1.7x.7,1305.8-0801,el round starlike uniform brt
,4995,G,Vir,11.2,2x1.1,1309.7-0750,sp sl elong elus uniform av
,5054,G,Vir,11.5,3.8x2.2,1317.0-1638,sp elong elus uniform av
,5363,G,Vir,10.7,1x1.4,1356.1+0515,wl round brt nucl stands out wel
,5364,G,Vir,11,6.2x3,1356.2+0501,sp lg elong faint av
,5566,G,Vir,10.4,5.6x1.1,1420.3+0356,sp edgeon faint lg brt nuc elus
,5576,G,Vir,11.7,1x.8,1421.1+0316,el small faint  brt nuc  nebulosity
,5634,GC,Vir,10.4,1.3,1429.6-0559,small fuzzy patch opaque oval
,5746,G,Vir,10.1,6.2x.8,1444.9+0157,sp edge-on needle faint large elus
,5846,G,Vir,10.5,.9x.9,1506.4+0136,el small circular fairly bright
,6802,OC,Vul,11,3.5,1930.6+2016,faint small opaque disk of stars
,6823,OC,Vul,9.8,5,1943.1+2318,30 stars some nebulosity
,6830,OC,Vul,9,8,1951.0-2304,20 stars brt large easy
,6882,OC,Vul,5.5,,2011.7+2633,20 stars small in a rich field
,6885,OC,Vul,9.1,20,2012.0+2629,42 stars large a brt star rich
,6940,OC,Vul,6.5,10,2034.6+2818,100 stars very brt rich large